Department,Department Group
  support muc,it support
new york city,regional
support services,it support
10612 - support services,it support
syseng uk intc usdc,regional
  support,it support
quality & operations,operations
north & east london,regional
audit & assurance (a10123),audit
operations & strategy,operations
qa/ra,operations
supply chain and logistics,operations
lcf\hr,human resource
supply chain;logistics,operations
qa/430,operations
r&d - medsurg,r&d
016010 - phx - gen admin,operations
endo r&d,r&d
research and development,r&d
research & development,r&d
new york branch,regional
"support services, 4252",it support
human resources,human resource
new york metro branch,regional
investment casting,finance
chang hong kong,regional
logistics and warehouse,operations
upstate ny a&a,audit
north carolina trauma,regional
  human resources,human resource
north surrey,regional
consulting - s&o:power,consulting
  production and logistics,operations
consulting- technology,consulting
  cards competence center americas,regional
ics - hr,human resource
nevada a&a,audit
  team  support,it support
70800 - quality assurance,operations
manufacturing,r&d
  network maintenance support,it support
birmingham residential,regional
  customer service,it support
technical support call ctr,it support
south florida agency,regional
guildford,regional
customer service,it support
finance ;,finance
p/d hr,human resource
  data science and business intelligence,r&d
marketing ; ,marketing
tran hong kong,regional
deskside services,it support
sales,sales
tax & legal department,legal
beaconsfield res dev,r&d
human resources ; expertise reward,human resource
r&d video,r&d
tran hong kong,regional
hr mgmt,human resource
marketing services,marketing
finance & acounting,finance
research & technology developement,r&d
  quality assurance  ti,operations
audit & assurance - cluster:  ii,audit
audit & assurance - cluster pmssi ii,audit
  ti and operations,operations
consulting -  technology: sap,consulting
tax & legal service line,legal
project marketing,marketing
",medical & regulatory affairs",legal
ist-data protection,it security
"consulting	- technology: im/ analytics",consulting
los angeles,regional
dss information technology ssc,it support
marketing ; marketing capability,marketing
transfer pricing tax,business
finance and accounting,finance
hawaii,regional
strategic sourcing,operations
corporate information services,operations
gur its tech support,it support
gfs mdm - uk contrib,regional
r&d- imt,r&d
shareholder accounting,finance
  relationship and support plus,it support
  team  support,it support
  itec americas,regional
hr trans,human resource
consulting - hc,consulting
support cafeteria,it support
mrktg dlvry team,marketing
north texas,regional
hong kong,regional
a&a,audit
gis shared services,operations
valuations,finance
south sydney office,regional
business intelligence,r&d
business team industrie,business
visual merchandising,marketing
  quality management,operations
head of business,executive
educational services,human resource
risk mgmt,finance
national govt,business
uk,regional
it projects,r&d
network and database administration,operations
financial,finance
risk management (8645231),finance
retail,business
customer development,business
it-training,it support
r&d communication,r&d
finance ; taxation,finance
hungerford,regional
supplier,operations
administrative,operations
global corporate service,business
motion resources,operations
production,operations
ceo office,executive
98584 - legal,legal
  administration report,operations
valuations ,finance
puerto rico,regional
sales (beds),sales
  and communication,operations
  stuff and strategy,operations
product sales,sales
"shared service, is erp",operations
cons - human capital,human resource
  it security,it security
nv regulatory,legal
receiving,operations
legal ; patents,legal
research,r&d
global data center services,r&d
head of descisions,executive
fraud detection,it security
CEO;,executive
Chief Executive ,executive
Phishing attack prevention departments,it security
Data leakage preventions,it security
contracts and pricing,sales
Business contracts,sales
